game_id,player_id,statement,index,resp
bdbbbb30-948b-401c-bab7-d313c26193a2,0286d56b-9826-4f0b-ae4a-e4d669aa0bd1,My opponent was a real person and not a robot.,0,1
bdbbbb30-948b-401c-bab7-d313c26193a2,0286d56b-9826-4f0b-ae4a-e4d669aa0bd1,I was trying to win each round against my opponent.,1,5
bdbbbb30-948b-401c-bab7-d313c26193a2,0286d56b-9826-4f0b-ae4a-e4d669aa0bd1,I was focused on winning for the entire time I was playing.,2,5
bdbbbb30-948b-401c-bab7-d313c26193a2,0286d56b-9826-4f0b-ae4a-e4d669aa0bd1,I paid attention to my opponent’s moves in order to try and predict their next move.,3,5
bdbbbb30-948b-401c-bab7-d313c26193a2,0286d56b-9826-4f0b-ae4a-e4d669aa0bd1,There were noticeable patterns in my opponent’s moves that allowed me to predict their next move.,4,5
5fafb2a9-4598-4044-9c68-be6ce4c48f6f,b10755ee-cddf-41c6-98bf-bd4959fe2869,My opponent was a real person and not a robot.,0,2
5fafb2a9-4598-4044-9c68-be6ce4c48f6f,b10755ee-cddf-41c6-98bf-bd4959fe2869,I was trying to win each round against my opponent.,1,7
5fafb2a9-4598-4044-9c68-be6ce4c48f6f,b10755ee-cddf-41c6-98bf-bd4959fe2869,I was focused on winning for the entire time I was playing.,2,7
5fafb2a9-4598-4044-9c68-be6ce4c48f6f,b10755ee-cddf-41c6-98bf-bd4959fe2869,I paid attention to my opponent’s moves in order to try and predict their next move.,3,7
5fafb2a9-4598-4044-9c68-be6ce4c48f6f,b10755ee-cddf-41c6-98bf-bd4959fe2869,There were noticeable patterns in my opponent’s moves that allowed me to predict their next move.,4,7
afdc17b5-4bcc-46d2-b751-c1420febb9ff,f5c831c1-ec42-40e2-b2c2-8f5b8046bf98,My opponent was a real person and not a robot.,0,1
afdc17b5-4bcc-46d2-b751-c1420febb9ff,f5c831c1-ec42-40e2-b2c2-8f5b8046bf98,I was trying to win each round against my opponent.,1,5
afdc17b5-4bcc-46d2-b751-c1420febb9ff,f5c831c1-ec42-40e2-b2c2-8f5b8046bf98,I was focused on winning for the entire time I was playing.,2,3
afdc17b5-4bcc-46d2-b751-c1420febb9ff,f5c831c1-ec42-40e2-b2c2-8f5b8046bf98,I paid attention to my opponent’s moves in order to try and predict their next move.,3,5
afdc17b5-4bcc-46d2-b751-c1420febb9ff,f5c831c1-ec42-40e2-b2c2-8f5b8046bf98,There were noticeable patterns in my opponent’s moves that allowed me to predict their next move.,4,7
0037e955-741a-43de-9cab-e4ab6f0df65d,4f581cdb-169f-4410-baec-b862aa731de6,My opponent was a real person and not a robot.,0,2
0037e955-741a-43de-9cab-e4ab6f0df65d,4f581cdb-169f-4410-baec-b862aa731de6,I was trying to win each round against my opponent.,1,6
0037e955-741a-43de-9cab-e4ab6f0df65d,4f581cdb-169f-4410-baec-b862aa731de6,I was focused on winning for the entire time I was playing.,2,3
0037e955-741a-43de-9cab-e4ab6f0df65d,4f581cdb-169f-4410-baec-b862aa731de6,I paid attention to my opponent’s moves in order to try and predict their next move.,3,1
0037e955-741a-43de-9cab-e4ab6f0df65d,4f581cdb-169f-4410-baec-b862aa731de6,There were noticeable patterns in my opponent’s moves that allowed me to predict their next move.,4,7
903a993a-e562-4c9b-b8f8-382a7e5f0620,b5b3174b-96b0-49ec-a287-e58cf4132194,My opponent was a real person and not a robot.,0,2
903a993a-e562-4c9b-b8f8-382a7e5f0620,b5b3174b-96b0-49ec-a287-e58cf4132194,I was trying to win each round against my opponent.,1,4
903a993a-e562-4c9b-b8f8-382a7e5f0620,b5b3174b-96b0-49ec-a287-e58cf4132194,I was focused on winning for the entire time I was playing.,2,5
903a993a-e562-4c9b-b8f8-382a7e5f0620,b5b3174b-96b0-49ec-a287-e58cf4132194,I paid attention to my opponent’s moves in order to try and predict their next move.,3,7
903a993a-e562-4c9b-b8f8-382a7e5f0620,b5b3174b-96b0-49ec-a287-e58cf4132194,There were noticeable patterns in my opponent’s moves that allowed me to predict their next move.,4,7
d1e03620-24d6-4fac-9e26-adb78b32b965,02c20c10-8e89-4339-b14a-3daea29b5752,My opponent was a real person and not a robot.,0,2
d1e03620-24d6-4fac-9e26-adb78b32b965,02c20c10-8e89-4339-b14a-3daea29b5752,I was trying to win each round against my opponent.,1,6
d1e03620-24d6-4fac-9e26-adb78b32b965,02c20c10-8e89-4339-b14a-3daea29b5752,I was focused on winning for the entire time I was playing.,2,6
d1e03620-24d6-4fac-9e26-adb78b32b965,02c20c10-8e89-4339-b14a-3daea29b5752,I paid attention to my opponent’s moves in order to try and predict their next move.,3,6
d1e03620-24d6-4fac-9e26-adb78b32b965,02c20c10-8e89-4339-b14a-3daea29b5752,There were noticeable patterns in my opponent’s moves that allowed me to predict their next move.,4,6
5fa23d27-adac-4b8a-8354-7138dd63188c,1ef49fe6-01cd-4516-8179-1215323a6664,My opponent was a real person and not a robot.,0,2
5fa23d27-adac-4b8a-8354-7138dd63188c,1ef49fe6-01cd-4516-8179-1215323a6664,I was trying to win each round against my opponent.,1,6
5fa23d27-adac-4b8a-8354-7138dd63188c,1ef49fe6-01cd-4516-8179-1215323a6664,I was focused on winning for the entire time I was playing.,2,6
5fa23d27-adac-4b8a-8354-7138dd63188c,1ef49fe6-01cd-4516-8179-1215323a6664,I paid attention to my opponent’s moves in order to try and predict their next move.,3,7
5fa23d27-adac-4b8a-8354-7138dd63188c,1ef49fe6-01cd-4516-8179-1215323a6664,There were noticeable patterns in my opponent’s moves that allowed me to predict their next move.,4,6
9a82fec9-297e-4cb9-950d-91017715fb3a,4d1f4710-fe86-4af2-9880-38e3e5d6fb1d,My opponent was a real person and not a robot.,0,1
9a82fec9-297e-4cb9-950d-91017715fb3a,4d1f4710-fe86-4af2-9880-38e3e5d6fb1d,I was trying to win each round against my opponent.,1,3
9a82fec9-297e-4cb9-950d-91017715fb3a,4d1f4710-fe86-4af2-9880-38e3e5d6fb1d,I was focused on winning for the entire time I was playing.,2,2
9a82fec9-297e-4cb9-950d-91017715fb3a,4d1f4710-fe86-4af2-9880-38e3e5d6fb1d,I paid attention to my opponent’s moves in order to try and predict their next move.,3,1
9a82fec9-297e-4cb9-950d-91017715fb3a,4d1f4710-fe86-4af2-9880-38e3e5d6fb1d,There were noticeable patterns in my opponent’s moves that allowed me to predict their next move.,4,7
d8a6b58e-1bd1-42cf-b1f6-59b7295f4b95,a5f78ec0-b3db-465d-b505-61e0dd037dab,My opponent was a real person and not a robot.,0,4
d8a6b58e-1bd1-42cf-b1f6-59b7295f4b95,a5f78ec0-b3db-465d-b505-61e0dd037dab,I was trying to win each round against my opponent.,1,7
d8a6b58e-1bd1-42cf-b1f6-59b7295f4b95,a5f78ec0-b3db-465d-b505-61e0dd037dab,I was focused on winning for the entire time I was playing.,2,7
d8a6b58e-1bd1-42cf-b1f6-59b7295f4b95,a5f78ec0-b3db-465d-b505-61e0dd037dab,I paid attention to my opponent’s moves in order to try and predict their next move.,3,7
d8a6b58e-1bd1-42cf-b1f6-59b7295f4b95,a5f78ec0-b3db-465d-b505-61e0dd037dab,There were noticeable patterns in my opponent’s moves that allowed me to predict their next move.,4,7
05e77e5f-39e3-42ae-8542-99f71eb7ab35,6bc4ab71-92cd-439e-8424-5be4bd7c2de6,My opponent was a real person and not a robot.,0,4
05e77e5f-39e3-42ae-8542-99f71eb7ab35,6bc4ab71-92cd-439e-8424-5be4bd7c2de6,I was trying to win each round against my opponent.,1,5
05e77e5f-39e3-42ae-8542-99f71eb7ab35,6bc4ab71-92cd-439e-8424-5be4bd7c2de6,I was focused on winning for the entire time I was playing.,2,4
05e77e5f-39e3-42ae-8542-99f71eb7ab35,6bc4ab71-92cd-439e-8424-5be4bd7c2de6,I paid attention to my opponent’s moves in order to try and predict their next move.,3,4
05e77e5f-39e3-42ae-8542-99f71eb7ab35,6bc4ab71-92cd-439e-8424-5be4bd7c2de6,There were noticeable patterns in my opponent’s moves that allowed me to predict their next move.,4,5
3cd32162-b755-4aaa-bd46-36c94f1c36ad,9d21b1e7-bcce-44ef-b8d4-9bb8f42b9ed1,My opponent was a real person and not a robot.,0,4
3cd32162-b755-4aaa-bd46-36c94f1c36ad,9d21b1e7-bcce-44ef-b8d4-9bb8f42b9ed1,I was trying to win each round against my opponent.,1,4
3cd32162-b755-4aaa-bd46-36c94f1c36ad,9d21b1e7-bcce-44ef-b8d4-9bb8f42b9ed1,I was focused on winning for the entire time I was playing.,2,4
3cd32162-b755-4aaa-bd46-36c94f1c36ad,9d21b1e7-bcce-44ef-b8d4-9bb8f42b9ed1,I paid attention to my opponent’s moves in order to try and predict their next move.,3,4
3cd32162-b755-4aaa-bd46-36c94f1c36ad,9d21b1e7-bcce-44ef-b8d4-9bb8f42b9ed1,There were noticeable patterns in my opponent’s moves that allowed me to predict their next move.,4,4
09994e51-17b2-4027-b6e7-b5c26a694d8f,f67c4df3-5ac9-4e9b-bd70-1f5b9d2948d5,My opponent was a real person and not a robot.,0,1
09994e51-17b2-4027-b6e7-b5c26a694d8f,f67c4df3-5ac9-4e9b-bd70-1f5b9d2948d5,I was trying to win each round against my opponent.,1,1
09994e51-17b2-4027-b6e7-b5c26a694d8f,f67c4df3-5ac9-4e9b-bd70-1f5b9d2948d5,I was focused on winning for the entire time I was playing.,2,1
09994e51-17b2-4027-b6e7-b5c26a694d8f,f67c4df3-5ac9-4e9b-bd70-1f5b9d2948d5,I paid attention to my opponent’s moves in order to try and predict their next move.,3,4
09994e51-17b2-4027-b6e7-b5c26a694d8f,f67c4df3-5ac9-4e9b-bd70-1f5b9d2948d5,There were noticeable patterns in my opponent’s moves that allowed me to predict their next move.,4,5
cf39a620-59f7-49d0-a0ad-bb925f369d4d,6850ed70-8c34-41fe-b4b9-bbdaf66b3fbb,My opponent was a real person and not a robot.,0,1
cf39a620-59f7-49d0-a0ad-bb925f369d4d,6850ed70-8c34-41fe-b4b9-bbdaf66b3fbb,I was trying to win each round against my opponent.,1,6
cf39a620-59f7-49d0-a0ad-bb925f369d4d,6850ed70-8c34-41fe-b4b9-bbdaf66b3fbb,I was focused on winning for the entire time I was playing.,2,5
cf39a620-59f7-49d0-a0ad-bb925f369d4d,6850ed70-8c34-41fe-b4b9-bbdaf66b3fbb,I paid attention to my opponent’s moves in order to try and predict their next move.,3,5
cf39a620-59f7-49d0-a0ad-bb925f369d4d,6850ed70-8c34-41fe-b4b9-bbdaf66b3fbb,There were noticeable patterns in my opponent’s moves that allowed me to predict their next move.,4,7
91fc38d6-3e79-49b3-999c-e073c3555947,118b68fa-b15b-4e94-9404-f41a54fa7c33,My opponent was a real person and not a robot.,0,1
91fc38d6-3e79-49b3-999c-e073c3555947,118b68fa-b15b-4e94-9404-f41a54fa7c33,I was trying to win each round against my opponent.,1,5
91fc38d6-3e79-49b3-999c-e073c3555947,118b68fa-b15b-4e94-9404-f41a54fa7c33,I was focused on winning for the entire time I was playing.,2,7
91fc38d6-3e79-49b3-999c-e073c3555947,118b68fa-b15b-4e94-9404-f41a54fa7c33,I paid attention to my opponent’s moves in order to try and predict their next move.,3,2
91fc38d6-3e79-49b3-999c-e073c3555947,118b68fa-b15b-4e94-9404-f41a54fa7c33,There were noticeable patterns in my opponent’s moves that allowed me to predict their next move.,4,3
ec8c35e1-ed92-42be-92a4-1d73e662b9a0,58aaeb60-714f-46d2-81e8-c44d0a7b2792,My opponent was a real person and not a robot.,0,4
ec8c35e1-ed92-42be-92a4-1d73e662b9a0,58aaeb60-714f-46d2-81e8-c44d0a7b2792,I was trying to win each round against my opponent.,1,5
ec8c35e1-ed92-42be-92a4-1d73e662b9a0,58aaeb60-714f-46d2-81e8-c44d0a7b2792,I was focused on winning for the entire time I was playing.,2,5
ec8c35e1-ed92-42be-92a4-1d73e662b9a0,58aaeb60-714f-46d2-81e8-c44d0a7b2792,I paid attention to my opponent’s moves in order to try and predict their next move.,3,5
ec8c35e1-ed92-42be-92a4-1d73e662b9a0,58aaeb60-714f-46d2-81e8-c44d0a7b2792,There were noticeable patterns in my opponent’s moves that allowed me to predict their next move.,4,5
ede9954b-eb49-4f24-8db7-15ad2052e0d4,6dd26869-94c6-48c3-b591-c10f9211cdab,My opponent was a real person and not a robot.,0,2
ede9954b-eb49-4f24-8db7-15ad2052e0d4,6dd26869-94c6-48c3-b591-c10f9211cdab,I was trying to win each round against my opponent.,1,7
ede9954b-eb49-4f24-8db7-15ad2052e0d4,6dd26869-94c6-48c3-b591-c10f9211cdab,I was focused on winning for the entire time I was playing.,2,6
ede9954b-eb49-4f24-8db7-15ad2052e0d4,6dd26869-94c6-48c3-b591-c10f9211cdab,I paid attention to my opponent’s moves in order to try and predict their next move.,3,7
ede9954b-eb49-4f24-8db7-15ad2052e0d4,6dd26869-94c6-48c3-b591-c10f9211cdab,There were noticeable patterns in my opponent’s moves that allowed me to predict their next move.,4,7
61f664b7-45f6-432f-96c6-516e42085ae9,9d17b68c-3bd6-4c81-9191-d5e472e0d489,My opponent was a real person and not a robot.,0,1
61f664b7-45f6-432f-96c6-516e42085ae9,9d17b68c-3bd6-4c81-9191-d5e472e0d489,I was trying to win each round against my opponent.,1,7
61f664b7-45f6-432f-96c6-516e42085ae9,9d17b68c-3bd6-4c81-9191-d5e472e0d489,I was focused on winning for the entire time I was playing.,2,7
61f664b7-45f6-432f-96c6-516e42085ae9,9d17b68c-3bd6-4c81-9191-d5e472e0d489,I paid attention to my opponent’s moves in order to try and predict their next move.,3,6
61f664b7-45f6-432f-96c6-516e42085ae9,9d17b68c-3bd6-4c81-9191-d5e472e0d489,There were noticeable patterns in my opponent’s moves that allowed me to predict their next move.,4,6
1a0791ae-140f-44d3-8f81-7d56d32c0d4c,71b9071c-357f-4067-b985-6f3bd55e5d96,My opponent was a real person and not a robot.,0,2
1a0791ae-140f-44d3-8f81-7d56d32c0d4c,71b9071c-357f-4067-b985-6f3bd55e5d96,I was trying to win each round against my opponent.,1,5
1a0791ae-140f-44d3-8f81-7d56d32c0d4c,71b9071c-357f-4067-b985-6f3bd55e5d96,I was focused on winning for the entire time I was playing.,2,5
1a0791ae-140f-44d3-8f81-7d56d32c0d4c,71b9071c-357f-4067-b985-6f3bd55e5d96,I paid attention to my opponent’s moves in order to try and predict their next move.,3,6
1a0791ae-140f-44d3-8f81-7d56d32c0d4c,71b9071c-357f-4067-b985-6f3bd55e5d96,There were noticeable patterns in my opponent’s moves that allowed me to predict their next move.,4,7
60564488-c3e0-42f6-a6c0-f90da083c33b,21f31745-7665-4564-a54a-e3928aa7fef6,My opponent was a real person and not a robot.,0,2
60564488-c3e0-42f6-a6c0-f90da083c33b,21f31745-7665-4564-a54a-e3928aa7fef6,I was trying to win each round against my opponent.,1,6
60564488-c3e0-42f6-a6c0-f90da083c33b,21f31745-7665-4564-a54a-e3928aa7fef6,I was focused on winning for the entire time I was playing.,2,6
60564488-c3e0-42f6-a6c0-f90da083c33b,21f31745-7665-4564-a54a-e3928aa7fef6,I paid attention to my opponent’s moves in order to try and predict their next move.,3,6
60564488-c3e0-42f6-a6c0-f90da083c33b,21f31745-7665-4564-a54a-e3928aa7fef6,There were noticeable patterns in my opponent’s moves that allowed me to predict their next move.,4,7
beb925b9-eca3-4803-bd30-3d01c1f4779d,ac22611d-0803-4012-ba9f-9ddd7b7d666c,My opponent was a real person and not a robot.,0,1
beb925b9-eca3-4803-bd30-3d01c1f4779d,ac22611d-0803-4012-ba9f-9ddd7b7d666c,I was trying to win each round against my opponent.,1,4
beb925b9-eca3-4803-bd30-3d01c1f4779d,ac22611d-0803-4012-ba9f-9ddd7b7d666c,I was focused on winning for the entire time I was playing.,2,3
beb925b9-eca3-4803-bd30-3d01c1f4779d,ac22611d-0803-4012-ba9f-9ddd7b7d666c,I paid attention to my opponent’s moves in order to try and predict their next move.,3,2
beb925b9-eca3-4803-bd30-3d01c1f4779d,ac22611d-0803-4012-ba9f-9ddd7b7d666c,There were noticeable patterns in my opponent’s moves that allowed me to predict their next move.,4,3
f4c51574-b55e-48c1-b66e-a6c17755f7d7,3878e8e2-ff46-4f5b-8b2d-f3bfdd9004af,My opponent was a real person and not a robot.,0,1
f4c51574-b55e-48c1-b66e-a6c17755f7d7,3878e8e2-ff46-4f5b-8b2d-f3bfdd9004af,I was trying to win each round against my opponent.,1,1
f4c51574-b55e-48c1-b66e-a6c17755f7d7,3878e8e2-ff46-4f5b-8b2d-f3bfdd9004af,I was focused on winning for the entire time I was playing.,2,1
f4c51574-b55e-48c1-b66e-a6c17755f7d7,3878e8e2-ff46-4f5b-8b2d-f3bfdd9004af,I paid attention to my opponent’s moves in order to try and predict their next move.,3,5
f4c51574-b55e-48c1-b66e-a6c17755f7d7,3878e8e2-ff46-4f5b-8b2d-f3bfdd9004af,There were noticeable patterns in my opponent’s moves that allowed me to predict their next move.,4,7
4d24c56f-65a1-48cd-bb09-1ea959132b8b,65d68cdc-5936-41b1-af45-8f68b546935d,My opponent was a real person and not a robot.,0,3
4d24c56f-65a1-48cd-bb09-1ea959132b8b,65d68cdc-5936-41b1-af45-8f68b546935d,I was trying to win each round against my opponent.,1,5
4d24c56f-65a1-48cd-bb09-1ea959132b8b,65d68cdc-5936-41b1-af45-8f68b546935d,I was focused on winning for the entire time I was playing.,2,5
4d24c56f-65a1-48cd-bb09-1ea959132b8b,65d68cdc-5936-41b1-af45-8f68b546935d,I paid attention to my opponent’s moves in order to try and predict their next move.,3,5
4d24c56f-65a1-48cd-bb09-1ea959132b8b,65d68cdc-5936-41b1-af45-8f68b546935d,There were noticeable patterns in my opponent’s moves that allowed me to predict their next move.,4,5
90d8ee1d-849e-43e1-998e-2fe7bcba2b7b,9256cc32-a704-4366-8751-3e3cdac6253e,My opponent was a real person and not a robot.,0,2
90d8ee1d-849e-43e1-998e-2fe7bcba2b7b,9256cc32-a704-4366-8751-3e3cdac6253e,I was trying to win each round against my opponent.,1,6
90d8ee1d-849e-43e1-998e-2fe7bcba2b7b,9256cc32-a704-4366-8751-3e3cdac6253e,I was focused on winning for the entire time I was playing.,2,5
90d8ee1d-849e-43e1-998e-2fe7bcba2b7b,9256cc32-a704-4366-8751-3e3cdac6253e,I paid attention to my opponent’s moves in order to try and predict their next move.,3,3
90d8ee1d-849e-43e1-998e-2fe7bcba2b7b,9256cc32-a704-4366-8751-3e3cdac6253e,There were noticeable patterns in my opponent’s moves that allowed me to predict their next move.,4,5
3ae4c30e-160f-406c-b1ab-b2e746852e40,f557e4ca-448e-4d94-bc10-fe00e4f9e887,My opponent was a real person and not a robot.,0,1
3ae4c30e-160f-406c-b1ab-b2e746852e40,f557e4ca-448e-4d94-bc10-fe00e4f9e887,I was trying to win each round against my opponent.,1,1
3ae4c30e-160f-406c-b1ab-b2e746852e40,f557e4ca-448e-4d94-bc10-fe00e4f9e887,I was focused on winning for the entire time I was playing.,2,7
3ae4c30e-160f-406c-b1ab-b2e746852e40,f557e4ca-448e-4d94-bc10-fe00e4f9e887,I paid attention to my opponent’s moves in order to try and predict their next move.,3,7
3ae4c30e-160f-406c-b1ab-b2e746852e40,f557e4ca-448e-4d94-bc10-fe00e4f9e887,There were noticeable patterns in my opponent’s moves that allowed me to predict their next move.,4,7
e8cfd9d1-b356-4b80-b6ed-24618abb50c2,01ae78be-b6f1-4098-8a43-5075e7fe7ea7,My opponent was a real person and not a robot.,0,1
e8cfd9d1-b356-4b80-b6ed-24618abb50c2,01ae78be-b6f1-4098-8a43-5075e7fe7ea7,I was trying to win each round against my opponent.,1,7
e8cfd9d1-b356-4b80-b6ed-24618abb50c2,01ae78be-b6f1-4098-8a43-5075e7fe7ea7,I was focused on winning for the entire time I was playing.,2,5
e8cfd9d1-b356-4b80-b6ed-24618abb50c2,01ae78be-b6f1-4098-8a43-5075e7fe7ea7,I paid attention to my opponent’s moves in order to try and predict their next move.,3,7
e8cfd9d1-b356-4b80-b6ed-24618abb50c2,01ae78be-b6f1-4098-8a43-5075e7fe7ea7,There were noticeable patterns in my opponent’s moves that allowed me to predict their next move.,4,7
035bc4da-cd1e-4870-87d8-d6bc5f720555,9aebc1ec-8b0c-4b7e-8954-cbcc687c6a1a,My opponent was a real person and not a robot.,0,2
035bc4da-cd1e-4870-87d8-d6bc5f720555,9aebc1ec-8b0c-4b7e-8954-cbcc687c6a1a,I was trying to win each round against my opponent.,1,6
035bc4da-cd1e-4870-87d8-d6bc5f720555,9aebc1ec-8b0c-4b7e-8954-cbcc687c6a1a,I was focused on winning for the entire time I was playing.,2,6
035bc4da-cd1e-4870-87d8-d6bc5f720555,9aebc1ec-8b0c-4b7e-8954-cbcc687c6a1a,I paid attention to my opponent’s moves in order to try and predict their next move.,3,4
035bc4da-cd1e-4870-87d8-d6bc5f720555,9aebc1ec-8b0c-4b7e-8954-cbcc687c6a1a,There were noticeable patterns in my opponent’s moves that allowed me to predict their next move.,4,7
dfc01acd-0e98-4845-be97-2ea55b96ac57,ee126226-d15d-4bd2-81e5-59f85bb79561,My opponent was a real person and not a robot.,0,1
dfc01acd-0e98-4845-be97-2ea55b96ac57,ee126226-d15d-4bd2-81e5-59f85bb79561,I was trying to win each round against my opponent.,1,2
dfc01acd-0e98-4845-be97-2ea55b96ac57,ee126226-d15d-4bd2-81e5-59f85bb79561,I was focused on winning for the entire time I was playing.,2,5
dfc01acd-0e98-4845-be97-2ea55b96ac57,ee126226-d15d-4bd2-81e5-59f85bb79561,I paid attention to my opponent’s moves in order to try and predict their next move.,3,6
dfc01acd-0e98-4845-be97-2ea55b96ac57,ee126226-d15d-4bd2-81e5-59f85bb79561,There were noticeable patterns in my opponent’s moves that allowed me to predict their next move.,4,6
0c80e26b-f4bf-4d1e-8edc-93cfe57606c8,d374e93f-df3b-4adc-a4da-aaf933d895c9,My opponent was a real person and not a robot.,0,1
0c80e26b-f4bf-4d1e-8edc-93cfe57606c8,d374e93f-df3b-4adc-a4da-aaf933d895c9,I was trying to win each round against my opponent.,1,1
0c80e26b-f4bf-4d1e-8edc-93cfe57606c8,d374e93f-df3b-4adc-a4da-aaf933d895c9,I was focused on winning for the entire time I was playing.,2,1
0c80e26b-f4bf-4d1e-8edc-93cfe57606c8,d374e93f-df3b-4adc-a4da-aaf933d895c9,I paid attention to my opponent’s moves in order to try and predict their next move.,3,1
0c80e26b-f4bf-4d1e-8edc-93cfe57606c8,d374e93f-df3b-4adc-a4da-aaf933d895c9,There were noticeable patterns in my opponent’s moves that allowed me to predict their next move.,4,1
995ddf65-eaa3-4422-b38e-85e70a4e8654,6596e8ab-709a-4a04-9cc7-785aa1b49d54,My opponent was a real person and not a robot.,0,7
995ddf65-eaa3-4422-b38e-85e70a4e8654,6596e8ab-709a-4a04-9cc7-785aa1b49d54,I was trying to win each round against my opponent.,1,7
995ddf65-eaa3-4422-b38e-85e70a4e8654,6596e8ab-709a-4a04-9cc7-785aa1b49d54,I was focused on winning for the entire time I was playing.,2,4
995ddf65-eaa3-4422-b38e-85e70a4e8654,6596e8ab-709a-4a04-9cc7-785aa1b49d54,I paid attention to my opponent’s moves in order to try and predict their next move.,3,6
995ddf65-eaa3-4422-b38e-85e70a4e8654,6596e8ab-709a-4a04-9cc7-785aa1b49d54,There were noticeable patterns in my opponent’s moves that allowed me to predict their next move.,4,7
d423a64a-419a-4377-925f-a2e7b13dfa2e,549e1b25-192c-4d12-bd12-e5a7f6ca8807,My opponent was a real person and not a robot.,0,1
d423a64a-419a-4377-925f-a2e7b13dfa2e,549e1b25-192c-4d12-bd12-e5a7f6ca8807,I was trying to win each round against my opponent.,1,6
d423a64a-419a-4377-925f-a2e7b13dfa2e,549e1b25-192c-4d12-bd12-e5a7f6ca8807,I was focused on winning for the entire time I was playing.,2,6
d423a64a-419a-4377-925f-a2e7b13dfa2e,549e1b25-192c-4d12-bd12-e5a7f6ca8807,I paid attention to my opponent’s moves in order to try and predict their next move.,3,6
d423a64a-419a-4377-925f-a2e7b13dfa2e,549e1b25-192c-4d12-bd12-e5a7f6ca8807,There were noticeable patterns in my opponent’s moves that allowed me to predict their next move.,4,6
69318daa-3093-4af4-a2e5-d3732398ee76,9086b889-abe8-47ad-8b95-d961f0fd4bbf,My opponent was a real person and not a robot.,0,1
69318daa-3093-4af4-a2e5-d3732398ee76,9086b889-abe8-47ad-8b95-d961f0fd4bbf,I was trying to win each round against my opponent.,1,5
69318daa-3093-4af4-a2e5-d3732398ee76,9086b889-abe8-47ad-8b95-d961f0fd4bbf,I was focused on winning for the entire time I was playing.,2,3
69318daa-3093-4af4-a2e5-d3732398ee76,9086b889-abe8-47ad-8b95-d961f0fd4bbf,I paid attention to my opponent’s moves in order to try and predict their next move.,3,7
69318daa-3093-4af4-a2e5-d3732398ee76,9086b889-abe8-47ad-8b95-d961f0fd4bbf,There were noticeable patterns in my opponent’s moves that allowed me to predict their next move.,4,7
814e3761-88a1-43ba-bc4c-1d29894f4eb7,dca6a907-e22f-49ac-a655-b93c292415fd,My opponent was a real person and not a robot.,0,1
814e3761-88a1-43ba-bc4c-1d29894f4eb7,dca6a907-e22f-49ac-a655-b93c292415fd,I was trying to win each round against my opponent.,1,7
814e3761-88a1-43ba-bc4c-1d29894f4eb7,dca6a907-e22f-49ac-a655-b93c292415fd,I was focused on winning for the entire time I was playing.,2,7
814e3761-88a1-43ba-bc4c-1d29894f4eb7,dca6a907-e22f-49ac-a655-b93c292415fd,I paid attention to my opponent’s moves in order to try and predict their next move.,3,7
814e3761-88a1-43ba-bc4c-1d29894f4eb7,dca6a907-e22f-49ac-a655-b93c292415fd,There were noticeable patterns in my opponent’s moves that allowed me to predict their next move.,4,7
d4b32ec9-1250-4ffb-b581-6d060d9d6074,0d3cdb21-e4cc-4822-9627-d1d02b9cb2f1,My opponent was a real person and not a robot.,0,1
d4b32ec9-1250-4ffb-b581-6d060d9d6074,0d3cdb21-e4cc-4822-9627-d1d02b9cb2f1,I was trying to win each round against my opponent.,1,7
d4b32ec9-1250-4ffb-b581-6d060d9d6074,0d3cdb21-e4cc-4822-9627-d1d02b9cb2f1,I was focused on winning for the entire time I was playing.,2,7
d4b32ec9-1250-4ffb-b581-6d060d9d6074,0d3cdb21-e4cc-4822-9627-d1d02b9cb2f1,I paid attention to my opponent’s moves in order to try and predict their next move.,3,7
d4b32ec9-1250-4ffb-b581-6d060d9d6074,0d3cdb21-e4cc-4822-9627-d1d02b9cb2f1,There were noticeable patterns in my opponent’s moves that allowed me to predict their next move.,4,7
549f73f4-7a68-4d78-abb4-76d6dbb9e8f2,7c2e9a45-3e56-4a41-96e5-b59868f2e5cb,My opponent was a real person and not a robot.,0,1
549f73f4-7a68-4d78-abb4-76d6dbb9e8f2,7c2e9a45-3e56-4a41-96e5-b59868f2e5cb,I was trying to win each round against my opponent.,1,7
549f73f4-7a68-4d78-abb4-76d6dbb9e8f2,7c2e9a45-3e56-4a41-96e5-b59868f2e5cb,I was focused on winning for the entire time I was playing.,2,5
549f73f4-7a68-4d78-abb4-76d6dbb9e8f2,7c2e9a45-3e56-4a41-96e5-b59868f2e5cb,I paid attention to my opponent’s moves in order to try and predict their next move.,3,6
549f73f4-7a68-4d78-abb4-76d6dbb9e8f2,7c2e9a45-3e56-4a41-96e5-b59868f2e5cb,There were noticeable patterns in my opponent’s moves that allowed me to predict their next move.,4,7
cf444ec2-6396-424c-b54c-83398bedf199,737df27e-811f-468d-9b5a-8383529e8611,My opponent was a real person and not a robot.,0,2
cf444ec2-6396-424c-b54c-83398bedf199,737df27e-811f-468d-9b5a-8383529e8611,I was trying to win each round against my opponent.,1,5
cf444ec2-6396-424c-b54c-83398bedf199,737df27e-811f-468d-9b5a-8383529e8611,I was focused on winning for the entire time I was playing.,2,3
cf444ec2-6396-424c-b54c-83398bedf199,737df27e-811f-468d-9b5a-8383529e8611,I paid attention to my opponent’s moves in order to try and predict their next move.,3,4
cf444ec2-6396-424c-b54c-83398bedf199,737df27e-811f-468d-9b5a-8383529e8611,There were noticeable patterns in my opponent’s moves that allowed me to predict their next move.,4,7
9046726f-5ac3-4c2c-afca-9a0f6e1d2fd1,d256f026-6da6-46b0-8f2e-984856a75c95,My opponent was a real person and not a robot.,0,2
9046726f-5ac3-4c2c-afca-9a0f6e1d2fd1,d256f026-6da6-46b0-8f2e-984856a75c95,I was trying to win each round against my opponent.,1,4
9046726f-5ac3-4c2c-afca-9a0f6e1d2fd1,d256f026-6da6-46b0-8f2e-984856a75c95,I was focused on winning for the entire time I was playing.,2,3
9046726f-5ac3-4c2c-afca-9a0f6e1d2fd1,d256f026-6da6-46b0-8f2e-984856a75c95,I paid attention to my opponent’s moves in order to try and predict their next move.,3,5
9046726f-5ac3-4c2c-afca-9a0f6e1d2fd1,d256f026-6da6-46b0-8f2e-984856a75c95,There were noticeable patterns in my opponent’s moves that allowed me to predict their next move.,4,5
ee3de9d3-f9d7-4c06-ae6d-e005ece90a1b,f9b4d809-bacf-465b-b091-5e35b4105c76,My opponent was a real person and not a robot.,0,2
ee3de9d3-f9d7-4c06-ae6d-e005ece90a1b,f9b4d809-bacf-465b-b091-5e35b4105c76,I was trying to win each round against my opponent.,1,6
ee3de9d3-f9d7-4c06-ae6d-e005ece90a1b,f9b4d809-bacf-465b-b091-5e35b4105c76,I was focused on winning for the entire time I was playing.,2,6
ee3de9d3-f9d7-4c06-ae6d-e005ece90a1b,f9b4d809-bacf-465b-b091-5e35b4105c76,I paid attention to my opponent’s moves in order to try and predict their next move.,3,6
ee3de9d3-f9d7-4c06-ae6d-e005ece90a1b,f9b4d809-bacf-465b-b091-5e35b4105c76,There were noticeable patterns in my opponent’s moves that allowed me to predict their next move.,4,6
00f9055b-2986-4a4b-8550-2695cedb7358,55402ef8-01ba-4792-b74d-0b72df12a806,My opponent was a real person and not a robot.,0,1
00f9055b-2986-4a4b-8550-2695cedb7358,55402ef8-01ba-4792-b74d-0b72df12a806,I was trying to win each round against my opponent.,1,6
00f9055b-2986-4a4b-8550-2695cedb7358,55402ef8-01ba-4792-b74d-0b72df12a806,I was focused on winning for the entire time I was playing.,2,6
00f9055b-2986-4a4b-8550-2695cedb7358,55402ef8-01ba-4792-b74d-0b72df12a806,I paid attention to my opponent’s moves in order to try and predict their next move.,3,5
00f9055b-2986-4a4b-8550-2695cedb7358,55402ef8-01ba-4792-b74d-0b72df12a806,There were noticeable patterns in my opponent’s moves that allowed me to predict their next move.,4,7
5855b4e8-b726-4704-a08b-d411114f0487,b4a54509-2b90-4e9d-b3cd-b4ff11563835,My opponent was a real person and not a robot.,0,1
5855b4e8-b726-4704-a08b-d411114f0487,b4a54509-2b90-4e9d-b3cd-b4ff11563835,I was trying to win each round against my opponent.,1,5
5855b4e8-b726-4704-a08b-d411114f0487,b4a54509-2b90-4e9d-b3cd-b4ff11563835,I was focused on winning for the entire time I was playing.,2,5
5855b4e8-b726-4704-a08b-d411114f0487,b4a54509-2b90-4e9d-b3cd-b4ff11563835,I paid attention to my opponent’s moves in order to try and predict their next move.,3,6
5855b4e8-b726-4704-a08b-d411114f0487,b4a54509-2b90-4e9d-b3cd-b4ff11563835,There were noticeable patterns in my opponent’s moves that allowed me to predict their next move.,4,7
18509f40-e687-48cb-8ea6-6fcb8e4af383,cccba145-12bf-4b34-95d0-8b7d70555c34,My opponent was a real person and not a robot.,0,1
18509f40-e687-48cb-8ea6-6fcb8e4af383,cccba145-12bf-4b34-95d0-8b7d70555c34,I was trying to win each round against my opponent.,1,4
18509f40-e687-48cb-8ea6-6fcb8e4af383,cccba145-12bf-4b34-95d0-8b7d70555c34,I was focused on winning for the entire time I was playing.,2,7
18509f40-e687-48cb-8ea6-6fcb8e4af383,cccba145-12bf-4b34-95d0-8b7d70555c34,I paid attention to my opponent’s moves in order to try and predict their next move.,3,7
18509f40-e687-48cb-8ea6-6fcb8e4af383,cccba145-12bf-4b34-95d0-8b7d70555c34,There were noticeable patterns in my opponent’s moves that allowed me to predict their next move.,4,7
890987cf-83e9-429f-a435-abab474695bf,fb56004d-b76b-430c-8ad4-7fa38309d854,My opponent was a real person and not a robot.,0,2
890987cf-83e9-429f-a435-abab474695bf,fb56004d-b76b-430c-8ad4-7fa38309d854,I was trying to win each round against my opponent.,1,4
890987cf-83e9-429f-a435-abab474695bf,fb56004d-b76b-430c-8ad4-7fa38309d854,I was focused on winning for the entire time I was playing.,2,3
890987cf-83e9-429f-a435-abab474695bf,fb56004d-b76b-430c-8ad4-7fa38309d854,I paid attention to my opponent’s moves in order to try and predict their next move.,3,1
890987cf-83e9-429f-a435-abab474695bf,fb56004d-b76b-430c-8ad4-7fa38309d854,There were noticeable patterns in my opponent’s moves that allowed me to predict their next move.,4,3
89d4b7a8-dcfc-4d87-aced-6c77578e984c,b6fa5b74-d7f7-4eb2-8a96-8ac97773d896,My opponent was a real person and not a robot.,0,2
89d4b7a8-dcfc-4d87-aced-6c77578e984c,b6fa5b74-d7f7-4eb2-8a96-8ac97773d896,I was trying to win each round against my opponent.,1,4
89d4b7a8-dcfc-4d87-aced-6c77578e984c,b6fa5b74-d7f7-4eb2-8a96-8ac97773d896,I was focused on winning for the entire time I was playing.,2,5
89d4b7a8-dcfc-4d87-aced-6c77578e984c,b6fa5b74-d7f7-4eb2-8a96-8ac97773d896,I paid attention to my opponent’s moves in order to try and predict their next move.,3,3
89d4b7a8-dcfc-4d87-aced-6c77578e984c,b6fa5b74-d7f7-4eb2-8a96-8ac97773d896,There were noticeable patterns in my opponent’s moves that allowed me to predict their next move.,4,2
4f83446c-8546-4427-9814-9fb33449a802,386e418a-8a16-45d5-acf7-3b85a2999814,My opponent was a real person and not a robot.,0,1
4f83446c-8546-4427-9814-9fb33449a802,386e418a-8a16-45d5-acf7-3b85a2999814,I was trying to win each round against my opponent.,1,6
4f83446c-8546-4427-9814-9fb33449a802,386e418a-8a16-45d5-acf7-3b85a2999814,I was focused on winning for the entire time I was playing.,2,7
4f83446c-8546-4427-9814-9fb33449a802,386e418a-8a16-45d5-acf7-3b85a2999814,I paid attention to my opponent’s moves in order to try and predict their next move.,3,6
4f83446c-8546-4427-9814-9fb33449a802,386e418a-8a16-45d5-acf7-3b85a2999814,There were noticeable patterns in my opponent’s moves that allowed me to predict their next move.,4,7
67f51a5d-55cb-4e2d-bc5c-f5c933ff75d6,ff6d0064-2d19-4f80-b3b3-c49bf18344ce,My opponent was a real person and not a robot.,0,1
67f51a5d-55cb-4e2d-bc5c-f5c933ff75d6,ff6d0064-2d19-4f80-b3b3-c49bf18344ce,I was trying to win each round against my opponent.,1,6
67f51a5d-55cb-4e2d-bc5c-f5c933ff75d6,ff6d0064-2d19-4f80-b3b3-c49bf18344ce,I was focused on winning for the entire time I was playing.,2,5
67f51a5d-55cb-4e2d-bc5c-f5c933ff75d6,ff6d0064-2d19-4f80-b3b3-c49bf18344ce,I paid attention to my opponent’s moves in order to try and predict their next move.,3,6
67f51a5d-55cb-4e2d-bc5c-f5c933ff75d6,ff6d0064-2d19-4f80-b3b3-c49bf18344ce,There were noticeable patterns in my opponent’s moves that allowed me to predict their next move.,4,6
939669ea-9141-4a02-a9d0-46936f0c0a89,fc43162a-4035-4626-a886-8aa650609a1d,My opponent was a real person and not a robot.,0,1
939669ea-9141-4a02-a9d0-46936f0c0a89,fc43162a-4035-4626-a886-8aa650609a1d,I was trying to win each round against my opponent.,1,6
939669ea-9141-4a02-a9d0-46936f0c0a89,fc43162a-4035-4626-a886-8aa650609a1d,I was focused on winning for the entire time I was playing.,2,6
939669ea-9141-4a02-a9d0-46936f0c0a89,fc43162a-4035-4626-a886-8aa650609a1d,I paid attention to my opponent’s moves in order to try and predict their next move.,3,6
939669ea-9141-4a02-a9d0-46936f0c0a89,fc43162a-4035-4626-a886-8aa650609a1d,There were noticeable patterns in my opponent’s moves that allowed me to predict their next move.,4,7
bd0681c1-5013-4132-b540-3098df50b662,35893075-e4cf-411f-bf9a-ecf2a813db81,My opponent was a real person and not a robot.,0,1
bd0681c1-5013-4132-b540-3098df50b662,35893075-e4cf-411f-bf9a-ecf2a813db81,I was trying to win each round against my opponent.,1,4
bd0681c1-5013-4132-b540-3098df50b662,35893075-e4cf-411f-bf9a-ecf2a813db81,I was focused on winning for the entire time I was playing.,2,2
bd0681c1-5013-4132-b540-3098df50b662,35893075-e4cf-411f-bf9a-ecf2a813db81,I paid attention to my opponent’s moves in order to try and predict their next move.,3,6
bd0681c1-5013-4132-b540-3098df50b662,35893075-e4cf-411f-bf9a-ecf2a813db81,There were noticeable patterns in my opponent’s moves that allowed me to predict their next move.,4,7
ed45c0ed-85c8-4270-babb-0a9ee1a15ad3,a7c02cae-cfe8-4205-974f-5c10ee3928c7,My opponent was a real person and not a robot.,0,1
ed45c0ed-85c8-4270-babb-0a9ee1a15ad3,a7c02cae-cfe8-4205-974f-5c10ee3928c7,I was trying to win each round against my opponent.,1,6
ed45c0ed-85c8-4270-babb-0a9ee1a15ad3,a7c02cae-cfe8-4205-974f-5c10ee3928c7,I was focused on winning for the entire time I was playing.,2,5
ed45c0ed-85c8-4270-babb-0a9ee1a15ad3,a7c02cae-cfe8-4205-974f-5c10ee3928c7,I paid attention to my opponent’s moves in order to try and predict their next move.,3,7
ed45c0ed-85c8-4270-babb-0a9ee1a15ad3,a7c02cae-cfe8-4205-974f-5c10ee3928c7,There were noticeable patterns in my opponent’s moves that allowed me to predict their next move.,4,7
c1dcf6ea-8afb-497d-8ab4-e15c8c3b2672,f065171d-808d-47a0-8a4a-58c2b41e0959,My opponent was a real person and not a robot.,0,2
c1dcf6ea-8afb-497d-8ab4-e15c8c3b2672,f065171d-808d-47a0-8a4a-58c2b41e0959,I was trying to win each round against my opponent.,1,2
c1dcf6ea-8afb-497d-8ab4-e15c8c3b2672,f065171d-808d-47a0-8a4a-58c2b41e0959,I was focused on winning for the entire time I was playing.,2,2
c1dcf6ea-8afb-497d-8ab4-e15c8c3b2672,f065171d-808d-47a0-8a4a-58c2b41e0959,I paid attention to my opponent’s moves in order to try and predict their next move.,3,5
c1dcf6ea-8afb-497d-8ab4-e15c8c3b2672,f065171d-808d-47a0-8a4a-58c2b41e0959,There were noticeable patterns in my opponent’s moves that allowed me to predict their next move.,4,4
d220e990-9462-403c-aa65-2a9be6913e25,0f09ae2d-06a3-4448-9e13-2dbbafa1466e,My opponent was a real person and not a robot.,0,1
d220e990-9462-403c-aa65-2a9be6913e25,0f09ae2d-06a3-4448-9e13-2dbbafa1466e,I was trying to win each round against my opponent.,1,3
d220e990-9462-403c-aa65-2a9be6913e25,0f09ae2d-06a3-4448-9e13-2dbbafa1466e,I was focused on winning for the entire time I was playing.,2,3
d220e990-9462-403c-aa65-2a9be6913e25,0f09ae2d-06a3-4448-9e13-2dbbafa1466e,I paid attention to my opponent’s moves in order to try and predict their next move.,3,6
d220e990-9462-403c-aa65-2a9be6913e25,0f09ae2d-06a3-4448-9e13-2dbbafa1466e,There were noticeable patterns in my opponent’s moves that allowed me to predict their next move.,4,7
6f0aa4e2-1f8f-478e-b175-8fd752c8cec8,6c6c787a-5e80-4818-98f0-c0d1c0cb33c5,My opponent was a real person and not a robot.,0,2
6f0aa4e2-1f8f-478e-b175-8fd752c8cec8,6c6c787a-5e80-4818-98f0-c0d1c0cb33c5,I was trying to win each round against my opponent.,1,7
6f0aa4e2-1f8f-478e-b175-8fd752c8cec8,6c6c787a-5e80-4818-98f0-c0d1c0cb33c5,I was focused on winning for the entire time I was playing.,2,7
6f0aa4e2-1f8f-478e-b175-8fd752c8cec8,6c6c787a-5e80-4818-98f0-c0d1c0cb33c5,I paid attention to my opponent’s moves in order to try and predict their next move.,3,7
6f0aa4e2-1f8f-478e-b175-8fd752c8cec8,6c6c787a-5e80-4818-98f0-c0d1c0cb33c5,There were noticeable patterns in my opponent’s moves that allowed me to predict their next move.,4,7
c7736160-5774-46dc-baef-7ed8122651e5,f3a0bddd-ddc3-4be3-91cc-6e06c7b52568,My opponent was a real person and not a robot.,0,1
c7736160-5774-46dc-baef-7ed8122651e5,f3a0bddd-ddc3-4be3-91cc-6e06c7b52568,I was trying to win each round against my opponent.,1,5
c7736160-5774-46dc-baef-7ed8122651e5,f3a0bddd-ddc3-4be3-91cc-6e06c7b52568,I was focused on winning for the entire time I was playing.,2,4
c7736160-5774-46dc-baef-7ed8122651e5,f3a0bddd-ddc3-4be3-91cc-6e06c7b52568,I paid attention to my opponent’s moves in order to try and predict their next move.,3,5
c7736160-5774-46dc-baef-7ed8122651e5,f3a0bddd-ddc3-4be3-91cc-6e06c7b52568,There were noticeable patterns in my opponent’s moves that allowed me to predict their next move.,4,5
7a9914e9-75c5-43e3-8e52-e995fdaea545,33125e3d-2faf-4de5-99b0-d63a196d5deb,My opponent was a real person and not a robot.,0,1
7a9914e9-75c5-43e3-8e52-e995fdaea545,33125e3d-2faf-4de5-99b0-d63a196d5deb,I was trying to win each round against my opponent.,1,5
7a9914e9-75c5-43e3-8e52-e995fdaea545,33125e3d-2faf-4de5-99b0-d63a196d5deb,I was focused on winning for the entire time I was playing.,2,5
7a9914e9-75c5-43e3-8e52-e995fdaea545,33125e3d-2faf-4de5-99b0-d63a196d5deb,I paid attention to my opponent’s moves in order to try and predict their next move.,3,2
7a9914e9-75c5-43e3-8e52-e995fdaea545,33125e3d-2faf-4de5-99b0-d63a196d5deb,There were noticeable patterns in my opponent’s moves that allowed me to predict their next move.,4,3
8a2fffb9-4df6-4f62-aaa4-8e20bdb59847,2ab713fa-cfe7-4993-a8d0-19c7770e6f91,My opponent was a real person and not a robot.,0,1
8a2fffb9-4df6-4f62-aaa4-8e20bdb59847,2ab713fa-cfe7-4993-a8d0-19c7770e6f91,I was trying to win each round against my opponent.,1,7
8a2fffb9-4df6-4f62-aaa4-8e20bdb59847,2ab713fa-cfe7-4993-a8d0-19c7770e6f91,I was focused on winning for the entire time I was playing.,2,5
8a2fffb9-4df6-4f62-aaa4-8e20bdb59847,2ab713fa-cfe7-4993-a8d0-19c7770e6f91,I paid attention to my opponent’s moves in order to try and predict their next move.,3,6
8a2fffb9-4df6-4f62-aaa4-8e20bdb59847,2ab713fa-cfe7-4993-a8d0-19c7770e6f91,There were noticeable patterns in my opponent’s moves that allowed me to predict their next move.,4,7
8b3af868-2e83-4be6-90db-9ef92c30224b,33af7173-44a8-4d03-9707-2fdd85be0361,My opponent was a real person and not a robot.,0,1
8b3af868-2e83-4be6-90db-9ef92c30224b,33af7173-44a8-4d03-9707-2fdd85be0361,I was trying to win each round against my opponent.,1,5
8b3af868-2e83-4be6-90db-9ef92c30224b,33af7173-44a8-4d03-9707-2fdd85be0361,I was focused on winning for the entire time I was playing.,2,5
8b3af868-2e83-4be6-90db-9ef92c30224b,33af7173-44a8-4d03-9707-2fdd85be0361,I paid attention to my opponent’s moves in order to try and predict their next move.,3,1
8b3af868-2e83-4be6-90db-9ef92c30224b,33af7173-44a8-4d03-9707-2fdd85be0361,There were noticeable patterns in my opponent’s moves that allowed me to predict their next move.,4,7
a1086b75-b314-41f5-8000-e7677c52e6e8,76f7fa2e-8f2a-49f8-b876-777910328350,My opponent was a real person and not a robot.,0,1
a1086b75-b314-41f5-8000-e7677c52e6e8,76f7fa2e-8f2a-49f8-b876-777910328350,I was trying to win each round against my opponent.,1,6
a1086b75-b314-41f5-8000-e7677c52e6e8,76f7fa2e-8f2a-49f8-b876-777910328350,I was focused on winning for the entire time I was playing.,2,6
a1086b75-b314-41f5-8000-e7677c52e6e8,76f7fa2e-8f2a-49f8-b876-777910328350,I paid attention to my opponent’s moves in order to try and predict their next move.,3,7
a1086b75-b314-41f5-8000-e7677c52e6e8,76f7fa2e-8f2a-49f8-b876-777910328350,There were noticeable patterns in my opponent’s moves that allowed me to predict their next move.,4,7
e7477167-f461-4480-b357-eaece9044dd8,fe8153e9-03d0-4cbd-b162-4951af4aff11,My opponent was a real person and not a robot.,0,2
e7477167-f461-4480-b357-eaece9044dd8,fe8153e9-03d0-4cbd-b162-4951af4aff11,I was trying to win each round against my opponent.,1,7
e7477167-f461-4480-b357-eaece9044dd8,fe8153e9-03d0-4cbd-b162-4951af4aff11,I was focused on winning for the entire time I was playing.,2,7
e7477167-f461-4480-b357-eaece9044dd8,fe8153e9-03d0-4cbd-b162-4951af4aff11,I paid attention to my opponent’s moves in order to try and predict their next move.,3,7
e7477167-f461-4480-b357-eaece9044dd8,fe8153e9-03d0-4cbd-b162-4951af4aff11,There were noticeable patterns in my opponent’s moves that allowed me to predict their next move.,4,7
b2348bb6-a122-42d4-a702-40dbe8168e29,5f58390e-36e9-47e0-86c0-7b8342f3ab8d,My opponent was a real person and not a robot.,0,1
b2348bb6-a122-42d4-a702-40dbe8168e29,5f58390e-36e9-47e0-86c0-7b8342f3ab8d,I was trying to win each round against my opponent.,1,7
b2348bb6-a122-42d4-a702-40dbe8168e29,5f58390e-36e9-47e0-86c0-7b8342f3ab8d,I was focused on winning for the entire time I was playing.,2,7
b2348bb6-a122-42d4-a702-40dbe8168e29,5f58390e-36e9-47e0-86c0-7b8342f3ab8d,I paid attention to my opponent’s moves in order to try and predict their next move.,3,7
b2348bb6-a122-42d4-a702-40dbe8168e29,5f58390e-36e9-47e0-86c0-7b8342f3ab8d,There were noticeable patterns in my opponent’s moves that allowed me to predict their next move.,4,7
59c14d59-16a9-460d-bbfd-fa1a796c52b9,b91ef3ad-e166-47aa-b303-c5e86184dd87,My opponent was a real person and not a robot.,0,5
59c14d59-16a9-460d-bbfd-fa1a796c52b9,b91ef3ad-e166-47aa-b303-c5e86184dd87,I was trying to win each round against my opponent.,1,7
59c14d59-16a9-460d-bbfd-fa1a796c52b9,b91ef3ad-e166-47aa-b303-c5e86184dd87,I was focused on winning for the entire time I was playing.,2,7
59c14d59-16a9-460d-bbfd-fa1a796c52b9,b91ef3ad-e166-47aa-b303-c5e86184dd87,I paid attention to my opponent’s moves in order to try and predict their next move.,3,4
59c14d59-16a9-460d-bbfd-fa1a796c52b9,b91ef3ad-e166-47aa-b303-c5e86184dd87,There were noticeable patterns in my opponent’s moves that allowed me to predict their next move.,4,6
4b1fccb1-7604-431c-80f7-7926fd3d0089,e10c5137-504e-47d5-b1a9-7fcda2246bf1,My opponent was a real person and not a robot.,0,2
4b1fccb1-7604-431c-80f7-7926fd3d0089,e10c5137-504e-47d5-b1a9-7fcda2246bf1,I was trying to win each round against my opponent.,1,7
4b1fccb1-7604-431c-80f7-7926fd3d0089,e10c5137-504e-47d5-b1a9-7fcda2246bf1,I was focused on winning for the entire time I was playing.,2,6
4b1fccb1-7604-431c-80f7-7926fd3d0089,e10c5137-504e-47d5-b1a9-7fcda2246bf1,I paid attention to my opponent’s moves in order to try and predict their next move.,3,6
4b1fccb1-7604-431c-80f7-7926fd3d0089,e10c5137-504e-47d5-b1a9-7fcda2246bf1,There were noticeable patterns in my opponent’s moves that allowed me to predict their next move.,4,6
0d533791-7b36-49e9-9bcd-2a36f841630f,6a156fd9-b164-4b24-9a62-70fd9c6ad078,My opponent was a real person and not a robot.,0,1
0d533791-7b36-49e9-9bcd-2a36f841630f,6a156fd9-b164-4b24-9a62-70fd9c6ad078,I was trying to win each round against my opponent.,1,6
0d533791-7b36-49e9-9bcd-2a36f841630f,6a156fd9-b164-4b24-9a62-70fd9c6ad078,I was focused on winning for the entire time I was playing.,2,7
0d533791-7b36-49e9-9bcd-2a36f841630f,6a156fd9-b164-4b24-9a62-70fd9c6ad078,I paid attention to my opponent’s moves in order to try and predict their next move.,3,7
0d533791-7b36-49e9-9bcd-2a36f841630f,6a156fd9-b164-4b24-9a62-70fd9c6ad078,There were noticeable patterns in my opponent’s moves that allowed me to predict their next move.,4,7
8bd63781-8774-4221-a739-8a1e05af5107,bcfa93ab-0b78-4483-b54d-06271453f61e,My opponent was a real person and not a robot.,0,1
8bd63781-8774-4221-a739-8a1e05af5107,bcfa93ab-0b78-4483-b54d-06271453f61e,I was trying to win each round against my opponent.,1,5
8bd63781-8774-4221-a739-8a1e05af5107,bcfa93ab-0b78-4483-b54d-06271453f61e,I was focused on winning for the entire time I was playing.,2,5
8bd63781-8774-4221-a739-8a1e05af5107,bcfa93ab-0b78-4483-b54d-06271453f61e,I paid attention to my opponent’s moves in order to try and predict their next move.,3,3
8bd63781-8774-4221-a739-8a1e05af5107,bcfa93ab-0b78-4483-b54d-06271453f61e,There were noticeable patterns in my opponent’s moves that allowed me to predict their next move.,4,3
ed1392b6-e31e-4a05-ad94-996a2fa93d81,33795fa4-5fc8-4813-9526-4f5b6dab971e,My opponent was a real person and not a robot.,0,2
ed1392b6-e31e-4a05-ad94-996a2fa93d81,33795fa4-5fc8-4813-9526-4f5b6dab971e,I was trying to win each round against my opponent.,1,2
ed1392b6-e31e-4a05-ad94-996a2fa93d81,33795fa4-5fc8-4813-9526-4f5b6dab971e,I was focused on winning for the entire time I was playing.,2,7
ed1392b6-e31e-4a05-ad94-996a2fa93d81,33795fa4-5fc8-4813-9526-4f5b6dab971e,I paid attention to my opponent’s moves in order to try and predict their next move.,3,7
ed1392b6-e31e-4a05-ad94-996a2fa93d81,33795fa4-5fc8-4813-9526-4f5b6dab971e,There were noticeable patterns in my opponent’s moves that allowed me to predict their next move.,4,7
110737e9-9735-4893-8446-04f5f4ec183e,262fe3a5-9466-4474-811c-6d1b70688f0f,My opponent was a real person and not a robot.,0,1
110737e9-9735-4893-8446-04f5f4ec183e,262fe3a5-9466-4474-811c-6d1b70688f0f,I was trying to win each round against my opponent.,1,7
110737e9-9735-4893-8446-04f5f4ec183e,262fe3a5-9466-4474-811c-6d1b70688f0f,I was focused on winning for the entire time I was playing.,2,4
110737e9-9735-4893-8446-04f5f4ec183e,262fe3a5-9466-4474-811c-6d1b70688f0f,I paid attention to my opponent’s moves in order to try and predict their next move.,3,7
110737e9-9735-4893-8446-04f5f4ec183e,262fe3a5-9466-4474-811c-6d1b70688f0f,There were noticeable patterns in my opponent’s moves that allowed me to predict their next move.,4,6
7b0a80fe-0c9e-442f-8bcb-c204352fda24,0be13e74-9bbe-488d-af6d-36eabd5997be,My opponent was a real person and not a robot.,0,1
7b0a80fe-0c9e-442f-8bcb-c204352fda24,0be13e74-9bbe-488d-af6d-36eabd5997be,I was trying to win each round against my opponent.,1,6
7b0a80fe-0c9e-442f-8bcb-c204352fda24,0be13e74-9bbe-488d-af6d-36eabd5997be,I was focused on winning for the entire time I was playing.,2,6
7b0a80fe-0c9e-442f-8bcb-c204352fda24,0be13e74-9bbe-488d-af6d-36eabd5997be,I paid attention to my opponent’s moves in order to try and predict their next move.,3,6
7b0a80fe-0c9e-442f-8bcb-c204352fda24,0be13e74-9bbe-488d-af6d-36eabd5997be,There were noticeable patterns in my opponent’s moves that allowed me to predict their next move.,4,6
bdae4b90-5c3e-4f71-86b4-a1f6f652b797,f3540a99-31be-4868-aa91-39801ac216ba,My opponent was a real person and not a robot.,0,1
bdae4b90-5c3e-4f71-86b4-a1f6f652b797,f3540a99-31be-4868-aa91-39801ac216ba,I was trying to win each round against my opponent.,1,7
bdae4b90-5c3e-4f71-86b4-a1f6f652b797,f3540a99-31be-4868-aa91-39801ac216ba,I was focused on winning for the entire time I was playing.,2,7
bdae4b90-5c3e-4f71-86b4-a1f6f652b797,f3540a99-31be-4868-aa91-39801ac216ba,I paid attention to my opponent’s moves in order to try and predict their next move.,3,2
bdae4b90-5c3e-4f71-86b4-a1f6f652b797,f3540a99-31be-4868-aa91-39801ac216ba,There were noticeable patterns in my opponent’s moves that allowed me to predict their next move.,4,7
b8f0eec2-2d64-42c6-b3fd-6c94dd773413,b58febc1-ef9c-4022-8686-403f82d88ec2,My opponent was a real person and not a robot.,0,6
b8f0eec2-2d64-42c6-b3fd-6c94dd773413,b58febc1-ef9c-4022-8686-403f82d88ec2,I was trying to win each round against my opponent.,1,6
b8f0eec2-2d64-42c6-b3fd-6c94dd773413,b58febc1-ef9c-4022-8686-403f82d88ec2,I was focused on winning for the entire time I was playing.,2,6
b8f0eec2-2d64-42c6-b3fd-6c94dd773413,b58febc1-ef9c-4022-8686-403f82d88ec2,I paid attention to my opponent’s moves in order to try and predict their next move.,3,6
b8f0eec2-2d64-42c6-b3fd-6c94dd773413,b58febc1-ef9c-4022-8686-403f82d88ec2,There were noticeable patterns in my opponent’s moves that allowed me to predict their next move.,4,6
fca92c82-5fd3-4703-b154-7184cf400e63,18c32ef9-c46c-43aa-8fe0-1a8cc38f20de,My opponent was a real person and not a robot.,0,1
fca92c82-5fd3-4703-b154-7184cf400e63,18c32ef9-c46c-43aa-8fe0-1a8cc38f20de,I was trying to win each round against my opponent.,1,4
fca92c82-5fd3-4703-b154-7184cf400e63,18c32ef9-c46c-43aa-8fe0-1a8cc38f20de,I was focused on winning for the entire time I was playing.,2,4
fca92c82-5fd3-4703-b154-7184cf400e63,18c32ef9-c46c-43aa-8fe0-1a8cc38f20de,I paid attention to my opponent’s moves in order to try and predict their next move.,3,4
fca92c82-5fd3-4703-b154-7184cf400e63,18c32ef9-c46c-43aa-8fe0-1a8cc38f20de,There were noticeable patterns in my opponent’s moves that allowed me to predict their next move.,4,7
b11a8544-b074-4eb3-985c-7b2527f7428b,7317feb6-9809-4c88-889c-edb4b6c230c4,My opponent was a real person and not a robot.,0,1
b11a8544-b074-4eb3-985c-7b2527f7428b,7317feb6-9809-4c88-889c-edb4b6c230c4,I was trying to win each round against my opponent.,1,6
b11a8544-b074-4eb3-985c-7b2527f7428b,7317feb6-9809-4c88-889c-edb4b6c230c4,I was focused on winning for the entire time I was playing.,2,7
b11a8544-b074-4eb3-985c-7b2527f7428b,7317feb6-9809-4c88-889c-edb4b6c230c4,I paid attention to my opponent’s moves in order to try and predict their next move.,3,5
b11a8544-b074-4eb3-985c-7b2527f7428b,7317feb6-9809-4c88-889c-edb4b6c230c4,There were noticeable patterns in my opponent’s moves that allowed me to predict their next move.,4,6
7b1f724d-dd20-4e98-b46c-a48330d41782,32643f0f-d3c8-4106-9158-ea7fb545a723,My opponent was a real person and not a robot.,0,4
7b1f724d-dd20-4e98-b46c-a48330d41782,32643f0f-d3c8-4106-9158-ea7fb545a723,I was trying to win each round against my opponent.,1,4
7b1f724d-dd20-4e98-b46c-a48330d41782,32643f0f-d3c8-4106-9158-ea7fb545a723,I was focused on winning for the entire time I was playing.,2,7
7b1f724d-dd20-4e98-b46c-a48330d41782,32643f0f-d3c8-4106-9158-ea7fb545a723,I paid attention to my opponent’s moves in order to try and predict their next move.,3,1
7b1f724d-dd20-4e98-b46c-a48330d41782,32643f0f-d3c8-4106-9158-ea7fb545a723,There were noticeable patterns in my opponent’s moves that allowed me to predict their next move.,4,3
2d59d1e2-19dd-4d13-a8cd-23fd37105100,3d31330e-bdbf-4ec7-b307-f2b3468db11d,My opponent was a real person and not a robot.,0,1
2d59d1e2-19dd-4d13-a8cd-23fd37105100,3d31330e-bdbf-4ec7-b307-f2b3468db11d,I was trying to win each round against my opponent.,1,7
2d59d1e2-19dd-4d13-a8cd-23fd37105100,3d31330e-bdbf-4ec7-b307-f2b3468db11d,I was focused on winning for the entire time I was playing.,2,5
2d59d1e2-19dd-4d13-a8cd-23fd37105100,3d31330e-bdbf-4ec7-b307-f2b3468db11d,I paid attention to my opponent’s moves in order to try and predict their next move.,3,7
2d59d1e2-19dd-4d13-a8cd-23fd37105100,3d31330e-bdbf-4ec7-b307-f2b3468db11d,There were noticeable patterns in my opponent’s moves that allowed me to predict their next move.,4,7
29c37df0-8c09-4cbe-b45b-b0184622ce7c,e4ea6761-0781-4e78-972b-675617e89cc8,My opponent was a real person and not a robot.,0,1
29c37df0-8c09-4cbe-b45b-b0184622ce7c,e4ea6761-0781-4e78-972b-675617e89cc8,I was trying to win each round against my opponent.,1,3
29c37df0-8c09-4cbe-b45b-b0184622ce7c,e4ea6761-0781-4e78-972b-675617e89cc8,I was focused on winning for the entire time I was playing.,2,6
29c37df0-8c09-4cbe-b45b-b0184622ce7c,e4ea6761-0781-4e78-972b-675617e89cc8,I paid attention to my opponent’s moves in order to try and predict their next move.,3,1
29c37df0-8c09-4cbe-b45b-b0184622ce7c,e4ea6761-0781-4e78-972b-675617e89cc8,There were noticeable patterns in my opponent’s moves that allowed me to predict their next move.,4,2
9239be27-574b-468e-8597-7bac064e9ce5,0f018a63-f1eb-421e-8cef-9b5e021d1221,My opponent was a real person and not a robot.,0,2
9239be27-574b-468e-8597-7bac064e9ce5,0f018a63-f1eb-421e-8cef-9b5e021d1221,I was trying to win each round against my opponent.,1,5
9239be27-574b-468e-8597-7bac064e9ce5,0f018a63-f1eb-421e-8cef-9b5e021d1221,I was focused on winning for the entire time I was playing.,2,5
9239be27-574b-468e-8597-7bac064e9ce5,0f018a63-f1eb-421e-8cef-9b5e021d1221,I paid attention to my opponent’s moves in order to try and predict their next move.,3,7
9239be27-574b-468e-8597-7bac064e9ce5,0f018a63-f1eb-421e-8cef-9b5e021d1221,There were noticeable patterns in my opponent’s moves that allowed me to predict their next move.,4,7
0e42c8ed-dec4-45f1-bd15-4de1a28ba05c,8766a7e1-c137-41aa-a9ed-8b7f18a3bc16,My opponent was a real person and not a robot.,0,1
0e42c8ed-dec4-45f1-bd15-4de1a28ba05c,8766a7e1-c137-41aa-a9ed-8b7f18a3bc16,I was trying to win each round against my opponent.,1,4
0e42c8ed-dec4-45f1-bd15-4de1a28ba05c,8766a7e1-c137-41aa-a9ed-8b7f18a3bc16,I was focused on winning for the entire time I was playing.,2,5
0e42c8ed-dec4-45f1-bd15-4de1a28ba05c,8766a7e1-c137-41aa-a9ed-8b7f18a3bc16,I paid attention to my opponent’s moves in order to try and predict their next move.,3,6
0e42c8ed-dec4-45f1-bd15-4de1a28ba05c,8766a7e1-c137-41aa-a9ed-8b7f18a3bc16,There were noticeable patterns in my opponent’s moves that allowed me to predict their next move.,4,7
28393a17-c8b7-47cf-bd20-ae49baf9646b,d75c7e2e-b1ba-4877-a14d-628d817fa2af,My opponent was a real person and not a robot.,0,1
28393a17-c8b7-47cf-bd20-ae49baf9646b,d75c7e2e-b1ba-4877-a14d-628d817fa2af,I was trying to win each round against my opponent.,1,7
28393a17-c8b7-47cf-bd20-ae49baf9646b,d75c7e2e-b1ba-4877-a14d-628d817fa2af,I was focused on winning for the entire time I was playing.,2,7
28393a17-c8b7-47cf-bd20-ae49baf9646b,d75c7e2e-b1ba-4877-a14d-628d817fa2af,I paid attention to my opponent’s moves in order to try and predict their next move.,3,7
28393a17-c8b7-47cf-bd20-ae49baf9646b,d75c7e2e-b1ba-4877-a14d-628d817fa2af,There were noticeable patterns in my opponent’s moves that allowed me to predict their next move.,4,7
bead7b05-0d45-43da-8fb9-9cc2981be09f,79a2d092-4475-435d-972c-e9036a3de75d,My opponent was a real person and not a robot.,0,5
bead7b05-0d45-43da-8fb9-9cc2981be09f,79a2d092-4475-435d-972c-e9036a3de75d,I was trying to win each round against my opponent.,1,5
bead7b05-0d45-43da-8fb9-9cc2981be09f,79a2d092-4475-435d-972c-e9036a3de75d,I was focused on winning for the entire time I was playing.,2,3
bead7b05-0d45-43da-8fb9-9cc2981be09f,79a2d092-4475-435d-972c-e9036a3de75d,I paid attention to my opponent’s moves in order to try and predict their next move.,3,6
bead7b05-0d45-43da-8fb9-9cc2981be09f,79a2d092-4475-435d-972c-e9036a3de75d,There were noticeable patterns in my opponent’s moves that allowed me to predict their next move.,4,6
27d2ce58-ed12-4d9c-b298-379598c5e69b,20d0d9b2-261a-490a-a3d0-d61621fbe9dd,My opponent was a real person and not a robot.,0,1
27d2ce58-ed12-4d9c-b298-379598c5e69b,20d0d9b2-261a-490a-a3d0-d61621fbe9dd,I was trying to win each round against my opponent.,1,6
27d2ce58-ed12-4d9c-b298-379598c5e69b,20d0d9b2-261a-490a-a3d0-d61621fbe9dd,I was focused on winning for the entire time I was playing.,2,5
27d2ce58-ed12-4d9c-b298-379598c5e69b,20d0d9b2-261a-490a-a3d0-d61621fbe9dd,I paid attention to my opponent’s moves in order to try and predict their next move.,3,7
27d2ce58-ed12-4d9c-b298-379598c5e69b,20d0d9b2-261a-490a-a3d0-d61621fbe9dd,There were noticeable patterns in my opponent’s moves that allowed me to predict their next move.,4,7
4d8b459f-7586-4734-b7e2-6ee1ae630b64,06ef75f2-414f-4f3e-8be9-0f96207dfabf,My opponent was a real person and not a robot.,0,2
4d8b459f-7586-4734-b7e2-6ee1ae630b64,06ef75f2-414f-4f3e-8be9-0f96207dfabf,I was trying to win each round against my opponent.,1,6
4d8b459f-7586-4734-b7e2-6ee1ae630b64,06ef75f2-414f-4f3e-8be9-0f96207dfabf,I was focused on winning for the entire time I was playing.,2,6
4d8b459f-7586-4734-b7e2-6ee1ae630b64,06ef75f2-414f-4f3e-8be9-0f96207dfabf,I paid attention to my opponent’s moves in order to try and predict their next move.,3,7
4d8b459f-7586-4734-b7e2-6ee1ae630b64,06ef75f2-414f-4f3e-8be9-0f96207dfabf,There were noticeable patterns in my opponent’s moves that allowed me to predict their next move.,4,7
3e725837-b234-4eec-bfd3-6dca4138e29a,c2ed21e6-c5f5-4189-aa06-ad8a2f2cc8eb,My opponent was a real person and not a robot.,0,1
3e725837-b234-4eec-bfd3-6dca4138e29a,c2ed21e6-c5f5-4189-aa06-ad8a2f2cc8eb,I was trying to win each round against my opponent.,1,7
3e725837-b234-4eec-bfd3-6dca4138e29a,c2ed21e6-c5f5-4189-aa06-ad8a2f2cc8eb,I was focused on winning for the entire time I was playing.,2,6
3e725837-b234-4eec-bfd3-6dca4138e29a,c2ed21e6-c5f5-4189-aa06-ad8a2f2cc8eb,I paid attention to my opponent’s moves in order to try and predict their next move.,3,7
3e725837-b234-4eec-bfd3-6dca4138e29a,c2ed21e6-c5f5-4189-aa06-ad8a2f2cc8eb,There were noticeable patterns in my opponent’s moves that allowed me to predict their next move.,4,7
d0bf5c4d-9d89-46e1-bcb2-f9b510a456c3,b007f71f-9cc6-46a7-9868-0e4274a4d1fc,My opponent was a real person and not a robot.,0,3
d0bf5c4d-9d89-46e1-bcb2-f9b510a456c3,b007f71f-9cc6-46a7-9868-0e4274a4d1fc,I was trying to win each round against my opponent.,1,5
d0bf5c4d-9d89-46e1-bcb2-f9b510a456c3,b007f71f-9cc6-46a7-9868-0e4274a4d1fc,I was focused on winning for the entire time I was playing.,2,5
d0bf5c4d-9d89-46e1-bcb2-f9b510a456c3,b007f71f-9cc6-46a7-9868-0e4274a4d1fc,I paid attention to my opponent’s moves in order to try and predict their next move.,3,6
d0bf5c4d-9d89-46e1-bcb2-f9b510a456c3,b007f71f-9cc6-46a7-9868-0e4274a4d1fc,There were noticeable patterns in my opponent’s moves that allowed me to predict their next move.,4,6
c9fbe4e5-af61-47b1-a364-924cdde91d26,489e572a-1c73-4de5-bed2-9733b137b31d,My opponent was a real person and not a robot.,0,2
c9fbe4e5-af61-47b1-a364-924cdde91d26,489e572a-1c73-4de5-bed2-9733b137b31d,I was trying to win each round against my opponent.,1,6
c9fbe4e5-af61-47b1-a364-924cdde91d26,489e572a-1c73-4de5-bed2-9733b137b31d,I was focused on winning for the entire time I was playing.,2,5
c9fbe4e5-af61-47b1-a364-924cdde91d26,489e572a-1c73-4de5-bed2-9733b137b31d,I paid attention to my opponent’s moves in order to try and predict their next move.,3,6
c9fbe4e5-af61-47b1-a364-924cdde91d26,489e572a-1c73-4de5-bed2-9733b137b31d,There were noticeable patterns in my opponent’s moves that allowed me to predict their next move.,4,7
9a564510-b95c-47b3-abf3-4719cea2be4b,a0d7acf4-a562-4511-b8bc-27529ad1e18e,My opponent was a real person and not a robot.,0,1
9a564510-b95c-47b3-abf3-4719cea2be4b,a0d7acf4-a562-4511-b8bc-27529ad1e18e,I was trying to win each round against my opponent.,1,1
9a564510-b95c-47b3-abf3-4719cea2be4b,a0d7acf4-a562-4511-b8bc-27529ad1e18e,I was focused on winning for the entire time I was playing.,2,1
9a564510-b95c-47b3-abf3-4719cea2be4b,a0d7acf4-a562-4511-b8bc-27529ad1e18e,I paid attention to my opponent’s moves in order to try and predict their next move.,3,1
9a564510-b95c-47b3-abf3-4719cea2be4b,a0d7acf4-a562-4511-b8bc-27529ad1e18e,There were noticeable patterns in my opponent’s moves that allowed me to predict their next move.,4,1
